Actor/Actress	Movie	Year
A	ME1	1990
A	ME1	2014
A	ME2	2011
A	ME1	2012
A	ME1	1991
B	ME1	1990
B	ME1	2014
B	ME4	2014
B	ME6	2015
B	ME1	1991
C	ME4	2014
C	ME2	2011
C	ME5	2010
D	ME1	2012
D	ME6	2015
D	ME7	2015
E	ME7	2015
E	ME8	2015
F	ME8	2015
F	ME9	2015
G	ME9	2015
G	ME5	2010
BACON, KEVIN (I)	ME5	2010
Gaga	ME99	1800
Jo	ME99	1800
Kang	ME111	2000
JoJo	ME111	2000
Seven	ME2121	2005
Jo	ME100	1801
Jo	ME101	1801
Jo	ME102	1801
Jo	ME103	1801
Jo	ME104	1801
Jo	ME105	1801
Jo	ME106	1801
Jo	ME107	1801
Jo	ME108	1801
Jo	ME109	1801
Jo	ME110	1801
Seven	ME104	1801
Seven	ME105	1801
Seven	ME106	1801
Seven	ME107	1801
Seven	ME108	1801
Seven	ME212	2005
Seven	ME2122	2005
Seven	ME2123	2005
Seven	ME2124	2005
Seven	ME2125	2005
Kang	ME1	2012
Kang	ME112	2011
Kang	ME113	2011
Kang	ME114	2011
Kang	ME115	2011
Kang	ME116	2011
Kang	ME117	2011
Kang	ME118	2011
Kang	ME119	2011
Kang	ME120	2011
Dont	ME113	2011
Dont	ME114	2011
Dont	ME115	2011
Dont	ME116	2011
Dont	ME117	2011
Dont	ME118	2011
Dont	ME119	2012
Dont	ME120	2012
Dont	ME121	2012
Dont	ME122	2012
Do	ME51	2010
Do	ME52	2010
Do	ME53	2010
Do	ME54	2010
Do	ME55	2010
Do	ME56	2010
Do	ME57	2010
Do	ME58	2010
Do	ME59	2010
Do	ME60	2010
K	ME1	1991
K	ME2	1992
K	ME3	1993
K	ME4	1994
K	ME5	1995
K	ME6	1995
K	ME7	1995
K	ME8	1995
K	ME9	1997
K	ME10	1995
K	ME11	1995
G	ME44	2000
G	ME45	2000
G	ME46	2000
G	ME47	2000
G	ME48	2000
G	ME49	2000
G	ME50	2000
G	ME51	2000
G	ME52	2000
G	ME53	2000
